Year,% of Population under Poverty Line
2000,18.725
2001,17.92
2002,18.08
2003,19.34928571
2004,19.33217391
2005,19.10695652
2006,19.62076923
2007,19.29269231
2008,19.28346154
2009,19.78518519
2010,20.24592593
2011,19.86851852
2012,20.6437037
2013,20.18777778
2014,20.13074074
2015,20.02333333
2016,19.67444444
2017,19.56851852
2018,19.26074074
2019,19.31363636
